{
  "token_acc": 0.9989751998,
  "token_p": 0.9844389844,
  "token_r": 0.9896058454,
  "token_f": 0.9870156531,
  "pos_acc": 0.9619705246,
  "morph_acc": 0.9527981037,
  "morph_micro_p": 0.9781525017,
  "morph_micro_r": 0.9683197271,
  "morph_micro_f": 0.9732112788,
  "morph_per_feat": {
    "Definite": {
      "p": 0.9868517166,
      "r": 0.9861313869,
      "f": 0.9864914202
    },
    "Number": {
      "p": 0.9914609244,
      "r": 0.9832474227,
      "f": 0.9873370922
    },
    "PronType": {
      "p": 0.9922829582,
      "r": 0.9872040947,
      "f": 0.9897370109
    },
    "Gender": {
      "p": 0.9663930221,
      "r": 0.9626884743,
      "f": 0.9645371911
    },
    "Mood": {
      "p": 0.9611829945,
      "r": 0.9236234458,
      "f": 0.9420289855
    },
    "Person": {
      "p": 0.9804177546,
      "r": 0.9446540881,
      "f": 0.9622037156
    },
    "Tense": {
      "p": 0.946930281,
      "r": 0.9295199183,
      "f": 0.9381443299
    },
    "VerbForm": {
      "p": 0.9653716216,
      "r": 0.946192053,
      "f": 0.9556856187
    },
    "NumType": {
      "p": 0.9721254355,
      "r": 0.95221843,
      "f": 0.9620689655
    },
    "Reflex": {
      "p": 0.9777777778,
      "r": 1.0,
      "f": 0.9887640449
    },
    "Voice": {
      "p": 0.9043478261,
      "r": 0.9285714286,
      "f": 0.9162995595
    },
    "Poss": {
      "p": 1.0,
      "r": 1.0,
      "f": 1.0
    },
    "Polarity": {
      "p": 1.0,
      "r": 0.9882352941,
      "f": 0.9940828402
    }
  },
  "sents_p": 0.8776978417,
  "sents_r": 0.8883495146,
  "sents_f": 0.8829915561,
  "dep_uas": 0.8747540225,
  "dep_las": 0.8314723749,
  "dep_las_per_type": {
    "det": {
      "p": 0.9715447154,
      "r": 0.9644874899,
      "f": 0.9680032402
    },
    "nsubj": {
      "p": 0.8746803069,
      "r": 0.8240963855,
      "f": 0.8486352357
    },
    "aux:tense": {
      "p": 0.9069767442,
      "r": 0.936,
      "f": 0.9212598425
    },
    "root": {
      "p": 0.847826087,
      "r": 0.8519417476,
      "f": 0.8498789346
    },
    "obj": {
      "p": 0.8147058824,
      "r": 0.821958457,
      "f": 0.8183161004
    },
    "cc": {
      "p": 0.876146789,
      "r": 0.8801843318,
      "f": 0.8781609195
    },
    "case": {
      "p": 0.9633898305,
      "r": 0.9679836512,
      "f": 0.9656812776
    },
    "obl:mod": {
      "p": 0.6180124224,
      "r": 0.5940298507,
      "f": 0.6057838661
    },
    "nmod": {
      "p": 0.780148423,
      "r": 0.8401598402,
      "f": 0.809042809
    },
    "conj": {
      "p": 0.4789272031,
      "r": 0.4921259843,
      "f": 0.4854368932
    },
    "nummod": {
      "p": 0.9068322981,
      "r": 0.8639053254,
      "f": 0.8848484848
    },
    "amod": {
      "p": 0.8653136531,
      "r": 0.85428051,
      "f": 0.8597616865
    },
    "acl": {
      "p": 0.6848484848,
      "r": 0.6531791908,
      "f": 0.6686390533
    },
    "mark": {
      "p": 0.852173913,
      "r": 0.8634361233,
      "f": 0.8577680525
    },
    "xcomp": {
      "p": 0.7945205479,
      "r": 0.7682119205,
      "f": 0.7811447811
    },
    "flat:name": {
      "p": 0.932038835,
      "r": 0.9142857143,
      "f": 0.9230769231
    },
    "cop": {
      "p": 0.880952381,
      "r": 0.8222222222,
      "f": 0.8505747126
    },
    "advmod": {
      "p": 0.8096774194,
      "r": 0.7868338558,
      "f": 0.7980922099
    },
    "obl:arg": {
      "p": 0.6473429952,
      "r": 0.6090909091,
      "f": 0.6276346604
    },
    "appos": {
      "p": 0.5,
      "r": 0.4578313253,
      "f": 0.4779874214
    },
    "nsubj:pass": {
      "p": 0.8414634146,
      "r": 0.8117647059,
      "f": 0.8263473054
    },
    "aux:pass": {
      "p": 0.8833333333,
      "r": 0.9464285714,
      "f": 0.9137931034
    },
    "acl:relcl": {
      "p": 0.6,
      "r": 0.5581395349,
      "f": 0.578313253
    },
    "advcl": {
      "p": 0.4444444444,
      "r": 0.5128205128,
      "f": 0.4761904762
    },
    "fixed": {
      "p": 0.7956989247,
      "r": 0.74,
      "f": 0.7668393782
    },
    "dep": {
      "p": 0.2244897959,
      "r": 0.3793103448,
      "f": 0.2820512821
    },
    "expl:subj": {
      "p": 0.7027027027,
      "r": 0.8125,
      "f": 0.7536231884
    },
    "expl:comp": {
      "p": 0.6923076923,
      "r": 0.9,
      "f": 0.7826086957
    },
    "expl:pass": {
      "p": 0.3333333333,
      "r": 0.2857142857,
      "f": 0.3076923077
    },
    "obl:agent": {
      "p": 0.8,
      "r": 0.7619047619,
      "f": 0.7804878049
    },
    "ccomp": {
      "p": 0.6511627907,
      "r": 0.5490196078,
      "f": 0.5957446809
    },
    "parataxis": {
      "p": 0.5,
      "r": 0.3928571429,
      "f": 0.44
    },
    "iobj": {
      "p": 0.7222222222,
      "r": 0.52,
      "f": 0.6046511628
    },
    "nsubj:caus": {
      "p": 0.0,
      "r": 0.0,
      "f": 0.0
    },
    "aux:caus": {
      "p": 0.0,
      "r": 0.0,
      "f": 0.0
    },
    "obj:agent": {
      "p": 0.0,
      "r": 0.0,
      "f": 0.0
    },
    "goeswith": {
      "p": 0.0,
      "r": 0.0,
      "f": 0.0
    },
    "vocative": {
      "p": 0.7142857143,
      "r": 0.625,
      "f": 0.6666666667
    },
    "dislocated": {
      "p": 0.0,
      "r": 0.0,
      "f": 0.0
    },
    "flat:foreign": {
      "p": 1.0,
      "r": 0.2857142857,
      "f": 0.4444444444
    },
    "orphan": {
      "p": 0.0,
      "r": 0.0,
      "f": 0.0
    },
    "advcl:cleft": {
      "p": 0.0,
      "r": 0.0,
      "f": 0.0
    },
    "csubj": {
      "p": 0.0,
      "r": 0.0,
      "f": 0.0
    }
  },
  "tag_acc": 0.9330104092,
  "lemma_acc": 0.9032059186,
  "ents_p": 0.8116540445,
  "ents_r": 0.8065529803,
  "ents_f": 0.8090954723,
  "ents_per_type": {
    "PER": {
      "p": 0.8653387572,
      "r": 0.8840008598,
      "f": 0.874570264
    },
    "LOC": {
      "p": 0.8252660345,
      "r": 0.8337237514,
      "f": 0.8294733337
    },
    "ORG": {
      "p": 0.7441767868,
      "r": 0.7133587786,
      "f": 0.728441976
    },
    "MISC": {
      "p": 0.6901544402,
      "r": 0.6254556058,
      "f": 0.6562141491
    }
  },
  "speed": 4450.1044334226
}